{
  "name": "ionic",
  "codename": "fermium-flamingo",
  "homepage": "https://github.com/driftyco/ionic",
  "authors": [
    "Max Lynch <max@drifty.com>",
    "Adam Bradley <adam@drifty.com>",
    "Ben Sperry <ben@drifty.com>"
  ],
  "description": "Advanced HTML5 hybrid mobile app development framework.",
  "main": [
    "release/css/ionic.css",
    "release/fonts/*",
    "release/js/ionic.js",
    "release/js/ionic-angular.js"
  ],
  "keywords": [
    "mobile",
    "html5",
    "ionic",
    "cordova",
    "phonegap",
    "trigger",
    "triggerio",
    "angularjs",
    "angular"
  ],
  "license": "MIT",
  "private": false,
  "ignore": [
    "**/.*",
    "CONTRIBUTING.md",
    "Gruntfile.js",
    "component.json",
    "config",
    "examples",
    "package.json",
    "release/js/angular",
    "release/js/angular-ui",
    "scripts",
    "test",
    "js/controllers",
    "js/ext",
    "js/utils",
    "js/views",
    "js/_license.js",
    "js/ionic.js"
  ],
  "dependencies": {
    "angular": "~1.2.17",
    "angular-animate": "~1.2.17",
    "angular-sanitize": "~1.2.17",
    "angular-ui-router": "0.2.10"
  },
  "_release": "3cc88b80b2",
  "_resolution": {
    "type": "commit",
    "commit": "3cc88b80b2af0dfd85548c62d36323fb1e353654"
  },
  "_source": "https://github.com/wrasdf/ionic.git",
  "_target": "3cc88b80b2af0dfd85548c62d36323fb1e353654",
  "_originalSource": "https://github.com/wrasdf/ionic.git"
}